/*Insertando datos en la Tabla Identificacion*/
INSERT INTO identificacion (descripcion) VALUES
('DNI'),
('RUC'),
('CARNET DE EXTRANJERIA');

/*Insertando datos en la Tabla Clientes*/
INSERT INTO clientes (numero_identificacion, tipo_identificacion, nombre, pais) VALUES
('44564358', 1, 'LUIS GONZALES ARCE', 'PERU'),
('20551597939', 2, 'ASOCIACION COMUNIDAD CRISTIANA EVANGELICA FUEGO DE DIOS DEL PERU', 'PERU'),
('001077238', 3, 'LUZ CELIA KORINA RIVADENEIRA ARCILA', 'VENEZUELA'),
('14354866', 1, 'MANUEL MENÉNDEZ CUEVAS', 'PERU'),
('20555629541', 2, 'CORPORACION INDUSTRIAL ALPA`C S.A.C.', 'PERU'),
('001043328', 3, 'PLACIDO MARTINEZ CAMPO', 'ESPAÑA'),
('16872354', 1, 'PEDRO IGLESIAS SAENZ', 'PERU'),
('20364368594', 2, 'MINERA SAN FELIPE EMPRESA INDIVIDUAL DE RESPONSABILIDAD LIMITADA', 'PERU'),
('000054073', 3, 'INES MARIA AGRESOTT GONZALES', 'COLOMBIA'),
('85323434', 1, 'PABLO PERALES LLONTOP', 'PERU'),
('20334578664', 2, 'CONFECCIONES AMPARO', 'PERU'),
('002049586', 3, 'ANA GÓMEZ ÁLVAREZ', 'BOLIVIA'),
('13299475', 1, 'ELVIRA ELÍAS PÉREZ', 'PERU'),
('20942347127', 2, 'DEPORTES MORÁN','PERU'),
('006628554', 3, 'ELISA COLLADO JIMÉNEZ', 'PANAMA'),
('80495288', 1, 'JUAN GARCÍA BELTRÁN', 'PERU'),
('20385923431', 2, 'CONFECCIONES GALÁN', 'PERU'),
('000986944', 3, 'LAURA CARRASCO PÉREZ', 'VENEZUELA'),
('053452567', 3, 'ANGEL SANTAMARÍA SANTANDER', 'BRASIL');

/*Insertando datos en la Tabla Productos*/
INSERT INTO productos (id_producto, nombre, talla, precio) VALUES
('AR01', 'ADIDAS EDGE GAMEDAY HOMBRE', 42, 215),
('AR02', 'BOTINES MUJER', 36, 284.5),
('AR03', 'BOTAS CON EFECTO DE PIEL DE COCODRILO', 38, 159.8),
('AR04', 'PUMA FLEX RENEW MUJER', 35, 93.4),
('AR05', 'POWER DRIFT MUJER', 38, 221.6),
('AR06', 'SAINT LAURENT BOTINES GABSTY', 38, 360),
('AR07', 'ADIDAS VS PACE HOMBRE', 40, 230),
('AR08', 'BOTAS BEIRA RIO VINO', 34, 103),
('AR09', 'ZAPATOS OXFORD BEBÉ', 4, 174.2),
('AR10', 'FILA EFFECT FEM MUJER', 36, 242.5),
('AR11', 'GUCCI ZAPATILLAS ULTRAPACE', 39, 568.4),
('AR12', 'MOCASINES TEJIDOS MAGNANNI', 41, 324.3),
('AR13', 'ADIDAS NEO VS PACE HOMBRE', 38, 267.1),
('AR14', 'ZAPATILLAS BALENCIAGA', 38, 1505.3),
('AR15', 'ADIDAS GRAND COURT MUJER', 37, 254),
('AR16', 'ZAPATILLAS ALTAS TENNIS LIGHT GIVENCHY', 38, 486.7),
('AR17', 'PANTUFLA FUR RABBIT ROSADAO MUJER', 35, 105),
('AR18', 'BOTINES CON CREMALLERA FRONTAL', 34, 46.7),
('AR19', 'BOTINES SUSANNA DE 30MM CON HEBILLAS', 38, 101.5),
('AR20', 'BOTINES WESTERN CON TACÓN DE 70MM', 37, 143.5),
('AR21', 'ADIDAS RAPIDARUN J NIÑA', 28, 119.7),
('AR22', 'PUMA TSUGI APEX BLCK HOMBRE', 40, 311.4),
('AR23', 'SANDALIAS ADIDAS ADILETTE AQUA', 42, 82.6),
('AR24', 'BOTAS COWBOY FOR WALKING', 38, 111.6),
('AR25', 'BOTAS BEIRA RIO NEGRO', 36, 75.2),
('AR26', 'ADIDAS LITE RACER HOMBRE', 41, 143.7),
('AR27', 'NIKE REVOLUTION 5 GS NIÑA', 30, 110.6),
('AR28', 'SANDALIAS NIKE BENASSI JDI NIÑA', 26, 143.9),
('AR29', 'PUMA WIRED HOMBRE', 40, 260),
('AR30', 'BOTAS KATE CON TACÓN DE 105 MM', 38, 105.8),
('AR31', 'ADIDAS ADVANTAGE BOLD HOMBRE', 41, 257.2),
('AR32', 'ZAPATILLAS TIGRE MUJER', 36, 139.1),
('AR33', 'SANDALIAS NIKE KAWA SHOWER', 34, 129),
('AR34', 'ZAPATILLAS AIR JORDAN 1 MID', 40, 239.7),
('AR35', 'PANTUFLA CIERRE MULTICOLOR NIÑO', 28, 52),
('AR36', 'MOCASINES CON EFECTO DE PIEL DE COCODRILO', 40, 315.5),
('AR37', 'BOTAS CON CORDONES', 38, 154.3),
('AR38', 'ZAPATILLAS AIR MAX 2090 SP INFRARED DUCK CAMO', 41, 270),
('AR39', 'GUCCI ZAPATILLAS ACE', 40, 427.7),
('AR40', 'SANDALIAS ADIDAS ADILETTE SHOWER', 36, 84);

/*Insertando datos en la Tabla Facturacion*/
INSERT INTO facturacion (id_facturacion, numero_identificacion, impuesto, descuento, fecha, total_a_pagar) VALUES
(1, '44564358', 0.18, 0.02, '2018-03-11', 1478.57),
(3, '006628554', 0.18, 0.06, '2018-03-18', 660.97),
(5, '20364368594', 0.18, 0.09, '2018-03-31', 1604.68),
(7, '002049586', 0.18, 0.07, '2018-04-12', 790.12),
(8, '44564358', 0.18, 0.2, '2018-04-15', 2998.99),
(9, '006628554', 0.18, 0.04, '2018-04-21', 815.61),
(11, '14354866', 0.18, 0.08, '2019-05-01', 111.81),
(12, '001043328', 0.18, 0.09, '2019-05-19', 221.20),
(13, '13299475', 0.18, 0.03, '2018-04-30', 117.89),
(16, '20364368594', 0.18, 0.12, '2019-05-11', 4280.80),
(19, '85323434', 0.18, 0.07, '2020-05-22', 1172.46),
(21, '80495288', 0.18, 0.03, '2019-05-28', 581.45),
(22, '16872354', 0.18, 0.05, '2018-05-31', 719.12),
(25, '000986944', 0.18, 0.06, '2018-06-02', 225.17),
(26, '000054073', 0.18, 0, '2019-06-04', 119.77),
(27, '20555629541', 0.18, 0.04, '2018-06-06', 1491.56),
(28, '006628554', 0.18, 0.08, '2018-06-08', 259.89),
(29, '001077238', 0.18, 0.06, '2019-04-02', 690.81),
(30, '20551597939', 0.18, 0.06, '2018-08-15', 1374.29),
(31, '001077238', 0.18, 0.05, '2018-06-08', 375.31),
(32, '20942347127', 0.18, 0.06, '2019-06-20', 917.53),
(34, '20334578664', 0.18, 0.05, '2020-06-23', 2815.50),
(35, '20334578664', 0.18, 0.06, '2019-06-30', 4580.77),
(37, '006628554', 0.18, 0.03, '2019-07-02', 379.78),
(39, '053452567', 0.18, 0.06, '2019-07-08', 576.78),
(40, '14354866', 0.18, 0, '2020-07-12', 124.84),
(42, '20555629541', 0.18, 0.07, '2020-07-15', 5927.28),
(43, '000054073', 0.18, 0.07, '2019-07-18', 457.95),
(44, '20555629541', 0.18, 0.04, '2020-07-20', 7760.58),
(45, '001077238', 0.18, 0.07, '2020-07-22', 1384.92),
(46, '006628554', 0.18, 0, '2020-07-25', 546.22),
(47, '20555629541', 0.18, 0.08, '2018-07-31', 3517.34),
(48, '000986944', 0.18, 0.03, '2020-08-30', 927.13),
(49, '006628554', 0.18, 0.03, '2020-09-02', 979.09),
(50, '000054073', 0.18, 0, '2020-09-05', 504.69);

/*Insertando datos en la Tabla Detalles*/
INSERT INTO detalles (id_facturacion, id_producto, productos_comprados) VALUES
(1, 'AR01', 1),
(1, 'AR04', 2),
(1, 'AR15', 1),
(1, 'AR22', 2),
(3, 'AR02', 1),
(3, 'AR22', 1),
(5, 'AR04', 16),
(7, 'AR06', 2),
(8, 'AR02', 1),
(8, 'AR06', 2),
(8, 'AR07', 1),
(8, 'AR10', 1),
(8, 'AR12', 1),
(8, 'AR15', 1),
(8, 'AR18', 2),
(8, 'AR19', 1),
(8, 'AR25', 1),
(8, 'AR32', 1),
(8, 'AR33', 1),
(8, 'AR34', 2),
(8, 'AR35', 2),
(9, 'AR06', 2),
(11, 'AR08', 1),
(12, 'AR08', 2),
(13, 'AR08', 1),
(16, 'AR10', 17),
(19, 'AR13', 4),
(21, 'AR15', 2),
(22, 'AR17', 2),
(22, 'AR26', 1),
(22, 'AR28', 2),
(25, 'AR19', 2),
(26, 'AR19', 1),
(27, 'AR21', 11),
(28, 'AR21', 2),
(29, 'AR22', 2),
(30, 'AR23', 15),
(31, 'AR24', 3),
(32, 'AR25', 11),
(34, 'AR22', 7),
(34, 'AR27', 3),
(35, 'AR22', 9),
(35, 'AR27', 12),
(37, 'AR27', 3),
(39, 'AR29', 2),
(40, 'AR30', 1),
(42, 'AR31', 21),
(43, 'AR32', 3),
(44, 'AR22', 22),
(45, 'AR36', 4),
(46, 'AR37', 3),
(47, 'AR38', 12),
(48, 'AR38', 3),
(49, 'AR39', 2),
(50, 'AR39', 1);

